Name,Symbol
1-800 FLOWERS.COM,FLWS
10X Genomics,TXG
111 Inc,YI
1347 Property In,PIH
1895 of Wisconsin,BCOW
1Life Healthcare,ONEM
1st Constitution Bancorp,FCCY
1st Source,SRCE
21Vianet,VNET
2U Inc,TWOU
360 Finance,QFIN
36Kr Holdings,KRKR
51job,JOBS
89bio,ETNB
8i Enterprises,JFK
9F,JFU
AAON,AAON
Abeona Therapeutics,ABEO
ABIOMED,ABMD
Abraxas Petroleum,AXAS
AC Immune,ACIU
Acacia Com,ACIA
Acacia Research,ACTG
ACADIA,ACAD
Acadia Healthcare,ACHC
Acamar Partners A,ACAM
Acasti Pharma,ACST
Accelerate Diagnostics,AXDX
Acceleron P,XLRN
Accuray,ARAY
AcelRx,ACRX
Acer Therapeutics,ACER
Achieve Life Sciences,ACHV
ACI Worldwide,ACIW
Aclaris Therapeutics Inc,ACRS
Acm Research,ACMR
ACNB,ACNB
Acorda,ACOR
Act II Global A,ACTT
Activision Blizzard,ATVI
Adamas Pharmaceuticals Inc,ADMS
Adamis Pharmaceuticals Corporation,ADMP
Adaptimmune Therapeutics,ADAP
Adaptive Biotechnologies,ADPT
Addus,ADUS
ADDvantage,AEY
ADES,ADES
Adesto Technologies Corp,IOTS
Adial Pharma,ADIL
ADMA Biologics Inc,ADMA
Adobe,ADBE
ADP,ADP
ADTRAN,ADTN
Aduro Biotech Inc,ADRO
Advanced Energy,AEIS
Advaxis,ADXS
Adverum Biotechn,ADVM
Aegion,AEGN
Aeglea Bio Therapeutics,AGLE
Aehr Test Systems,AEHR
Aemetis Inc,AMTX
Aerie Pharmace,AERI
Aeroportuario del Centro Norte,OMAB
AeroVironment,AVAV
Aerpio Pharma,ARPO
Aesthetic Medical Intl,AIH
Aeterna Zentaris,AEZS
Aethlon Medical Inc,AEMD
Affimed NV,AFMD
Afya,AFYA
Agenus,AGEN
Agile Thrpe,AGRX
Agilysys,AGYS
Agios Pharm,AGIO
AGM A,AGMH
AGNC Invest,AGNC
AgroFresh Solutions,AGFS
Aikido Pharma Inc,AIKI
Aileron Therapeutics,ALRN
Aimmune Therapeutics Inc,AIMT
Air T,AIRT
Air Transport Services,ATSG
Airgain,AIRG
Airnet Tech,ANTE
Akamai,AKAM
Akari Therapeutics,AKTX
Akazoo,SONG
Akcea Therapeutics,AKCA
Akebia Ther,AKBA
Akerna,KERN
Akero Therapeutics,AKRO
Akers Biosciences,AKER
Akorn,AKRX
Akoustis Tech,AKTS
Alarm.com Holdings,ALRM
Alaska Communications,ALSK
Alberton Acquisition,ALAC
Albireo Pharma,ALBO
Alcobra,ARCT
Aldeyra The,ALDX
Alector,ALEC
Alerus Fin,ALRS
Alexion,ALXN
Alico,ALCO
Align,ALGN
Alimera,ALIM
Alithya A,ALYA
ALJ Regional,ALJJ
Alkaline Water,WTER
Alkermes Plc,ALKS
Allakos,ALLK
Allegiance Bancshares Inc,ABTX
Allegiant,ALGT
Allegro Merger,ALGR
Allena Pharma,ALNA
Alliance MMA,WORX
Alliance Resource,ARLP
Alliant Energy,LNT
Allied Healthcare,AHPI
Allied Motion,AMOT
Allogene Therapeutics,ALLO
Allot Communications,ALLT
Allscripts,MDRX
Alnylam,ALNY
Alpha & Omega Semiconductor,AOSL
Alphabet A,GOOGL
Alphabet C,GOOG
Alphatecs,ATEC
Alpine Immune Sciences,ALPN
Altair Engineering,ALTR
Alterity Therapeutics,ATHE
Altimmune,ALT
Altisource Portfolio Solutions,ASPS
Altra,AIMC
AMAG,AMAG
Amalgamated Bank,AMAL
Amarin,AMRN
Amark Preci,AMRK
Amazon.com,AMZN
Ambarella,AMBA
AMC Networks,AMCX
AMCI Acquisition,AMCI
AMD,AMD
Amdocs,DOX
Amedisys,AMED
Amerco,UHAL
Ameri,AMRH
America First Tax,ATAX
American Airlines,AAL
American Financial TRS A,AFIN
American National Bankshares,AMNB
American National Insurance,ANAT
American Outdoor,AOBC
American Public Education,APEI
American Resources,AREC
American River,AMRB
American Software,AMSWA
American Superconductor,AMSC
American Woodmark,AMWD
Americas Car-Mart,CRMT
Ameris,ABCB
AMERISAFE,AMSF
AmeriServ,ASRV
Ames,ATLO
Amgen,AMGN
Amicus,FOLD
Amkor,AMKR
Amphastar P,AMPH
Amtech,ASYS
Amyris,AMRS
Analog Devices,ADI
AnaptysBio,ANAB
Anavex Life Sciences,AVXL
Anchiano Therapeutics,ANCN
Andina Acquisition III,ANDA
ANGI Homeservices,ANGI
AngioDynamics,ANGO
ANI Pharma,ANIP
Anika,ANIK
Anpac Bio Med,ANPC
ANSYS,ANSS
Antares,ATRS
Anterix,ATEX
Apellis Pharma,APLS
Apex Global Brands Inc,APEX
Apogee,APOG
Apollo Endosurgery,APEN
Apollo Medical,AMEH
Appfolio Inc,APPF
Appian,APPN
Apple,AAPL
Applied DNA Sciences Inc,APDN
Applied Genetic,AGTC
Applied Materials,AMAT
Applied Opt,AAOI
Applied Therapeutics,APLT
Aprea Thera,APRE
Aptevo Therapeutics,APVO
Aptinyx,APTX
Aptorum A,APM
Aptose Biosciences,APTO
Apyx Medical,APYX
Aqua Metals Inc,AQMS
AquaBounty Tech,AQB
Aquestive Therapeutics,AQST
Aquinox Pha,NLTX
Arbutus Biopharma,ABUS
ARCA Biopharma,ABIO
Arcadia Biosciences,RKDA
ArcBest Corp,ARCB
Arch Capital,ACGL
Arcimoto,FUV
Arco Platform ,ARCE
Arcutis,ARQT
Ardelyx Inc,ARDX
Arena Pharma,ARNA
argenx ADR,ARGX
Aridis Pharma,ARDS
Ark Restaurants,ARKR
Arrow,AROW
Arrowhead Pharma,ARWR
Arsanis,XFOR
Artara Therapeutics Inc,TARA
Artelo Biosciences,ARTL
Artesian,ARTNA
Arts-Way,ARTW
Arvinas,ARVN
Arya Sciences A,ARYA
Ascena Retail,ASNA
Ascendis Pharma AS,ASND
Asia Pacific Wire & Cable,APWC
Aslan Pharma ADR,ASLN
ASML  ADR,ASML
Aspen,AZPN
Aspen Group,ASPU
Assembly Biosciences,ASMB
Assertio Therapeutics,ASRT
Asta Funding,ASFI
Astec,ASTE
Astronics,ATRO
AstroNova,ALOT
Astrotech,ASTC
Asure,ASUR
ATA,AACG
Atara Biotherapeutics Inc,ATRA
Athenex,ATNX
Athersys,ATHX
ATIF Holdings,ATIF
Atlantic American,AAME
Atlantic Capital Bancshares Inc,ACBI
Atlantic Union,AUB
Atlantica Yield,AY
Atlanticuss,ATLC
Atlas Air,AAWW
Atlas Financials,AFH
Atlassian Corp Plc,TEAM
ATN Int,ATNI
Atomera,ATOM
Atossa Genetics,ATOS
Atreca,BCEL
AtriCure,ATRC
ATRION,ATRI
aTyr Pharma,LIFE
Auburn,AUBN
AudioCodes,AUDC
AudioEye,AEYE
Aurinia Pharma,AUPH
Auris Medical,EARS
Aurora Mobile,JG
Autobytel,AUTO
Autodesk,ADSK
Autolus Therapeutics,AUTL
Avadel Pharma,AVDL
Avalon Globocare,AVCO
Avenue Therapeutics,ATXI
AVEO,AVEO
Aviat,AVNW
Avid,AVID
Avinger,AVGR
Avis,CAR
Avita Medical,RCEL
Avnet,AVT
AVROBIO,AVRO
Aware,AWRE
Axcelis,ACLS
Axcella Health,AXLA
Axogen Inc,AXGN
Axon Enterprise,AAXN
Axonics Modulation Technologies,AXNX
Axovant Gene,AXGT
Axsome Therapeutics Inc,AXSM
AXT,AXTI
Aytu BioScience,AYTU
AzurRx BioPharma,AZRX
B Communications,BCOM
B. Riley Financial,RILY
Baidu,BIDU
Balchem,BCPC
Ballard,BLDP
BancFirst,BANF
Bancorp 34,BCTF
Bandwidth,BAND
Bank First National,BFC
Bank of Commerce,BOCH
Bank of Marin,BMRC
Bank Of Princeton,BPRN
Bank of South Carolina,BKSC
Bank of the James,BOTJ
Bank Ozk,OZK
Bank7,BSVN
BankFinancial,BFIN
Bankwell,BWFG
Banner,BANR
Baozun Inc,BZUN
Barrett,BBSI
Bassett,BSET
Baudax Bio,BXRX
BayCom,BCML
BBQ Holdings,BBQ
BCB Bancorp,BCBP
Beacon Roofing,BECN
Beam,BEAM
Beasley,BBGI
Bed Bath&Beyond,BBBY
BeiGene,BGNE
Bel Fuse A,BELFA
Bel Fuse B,BELFB
Bellerophon Therapeutics Inc,BLPH
Bellicum Pharmaceuticals Inc,BLCM
BELLUS Health Inc.,BLU
Benefitfocus,BNFT
Benefytt Tech,BFYT
Benitec Biopharma ADR,BNTC
Berry Petroleum,BRY
Betterware De Mexico,BWMX
Beyond Air,XAIR
Beyond Meat,BYND
BeyondSpring,BYSI
BGC Partners,BGCP
Bicycle Therapeutics,BCYC
Big 5,BGFV
Big Rock Partners,BRPA
Bilibili,BILI
Bio Path,BPTH
BIO-Key,BKYI
Bio-Techne,TECH
Bioanalytical Systems,BASI
Biocardia,BCDA
Biocept,BIOC
BioCryst,BCRX
BioDelivery Sciences,BDSI
Biofrontera ADR,BFRA
Biogen,BIIB
BioHiTech,BHTG
BIOLASE,BIOL
BioLife Solutions,BLFS
BioLineRx,BLRX
Biomarin Pharma,BMRN
Biomerica,BMRA
Bionano Genomics,BNGO
Biondvax Pharma ADR,BVXV
Biontech,BNTX
Biosig Tech,BSGM
BioSpecifics,BSTC
BioTelemetry,BEAT
BioXcel Therapeutics,BTAI
BJs Restaurants,BJRI
Black Diamond,CLAR
Black Diamond,CLAR
Black Ridge,AESE
Blackbaud,BLKB
Blackline,BL
Blink Charging,BLNK
Bloomin Brands,BLMN
Blucora,BCOR
Blue Bird,BLBD
Blue Hat,BHAT
Bluebird,BLUE
Blueknight,BKEP
Blueprint Medicines Corp,BPMC
BMC Stock Hldgs,BMCH
Boingo,WIFI
BOK Financial,BOKF
Bonso Electronics Int,BNSO
Booking,BKNG
BOQI International Medical,BIMI
Borqs Tech,BRQS
BOS,BOSC
Boston Omaha,BOMN
Boston Private,BPFH
Bottomline,EPAY
Boxlight A,BOXL
Boxwood Merger,ATCX
Brainstorm Cell Therapeutics,BCLI
Brainsway,BWAY
Bridge Bancorp,BDGE
BridgeBio Pharma,BBIO
Bridgeline Digital,BLIN
Bridgewater Bancshares,BWB
Bridgford,BRID
Brightcove,BCOV
Brighthouse Financial,BHF
Broadcom,AVGO
BroadVision,BVSN
Broadway Financial,BYFC
Broadwind,BWEN
Brookfield Property,BPY
Brookfield Property Reit,BPYU
Brookline Bancorp,BRKL
Brooks Automation,BRKS
Brp Gr,BRP
BRP Inc,DOOO
Bruker,BRKR
Bryn Mawr Bank,BMTC
BSQUARE,BSQR
Builders FirstSource,BLDR
Business First,BFST
C&F Financial,CFFI
Cabaletta Bio,CABA
Cabot,CCMP
Cadence Design,CDNS
Cadiz,CDZI
Caesars,CZR
Caesarstone,CSTE
Cal-Maine,CALM
Caladrius Biosciences,CLBS
CalAmp,CAMP
Calavo Growers,CVGW
California BanCorp,CALB
Calithera Biosciences Inc,CALA
Calumet,CLMT
Calyxt,CLXT
Cambium Networks,CMBM
Cambridge Bancorp,CATC
Camden,CAC
Camtek,CAMT
Canaan,CAN
Canadian Solar Inc,CSIQ
Cancer Genetics,CGIX
Canterbury Park,CPHC
Capital Bancorp,CBNK
Capital City Bank,CCBG
Capital Product,CPLP
Capital Southwest,CSWC
Capitala Finance Corp,CPTA
Capitol Federal,CFFN
Capricor Therapeutics,CAPR
Capstar Financial,CSTR
Capstone Turbine,CPST
Cara Therapeutic,CARA
Cardiovascular,CSII
Cardlytics,CDLX
Cardtronics,CATM
Caredx Inc,CDNA
Career,PRDO
Caretrust Inc,CTRE
CarGurus,CARG
Carolina Financial,CARO
Carrols,TAST
Carter Bank,CARE
Carver,CARV
Casa Systems,CASA
Casella,CWST
Caseys,CASY
Casi Pharma,CASI
Cass,CASS
Cassava Sciences,SAVA
Castle Biosciences,CSTL
Castor Maritime,CTRM
Catabasis Pharma,CATB
Catalyst Biosciences,CBIO
Catalyst Pharmaceuticals,CPRX
Catasys,CATS
Cathay,CATY
Cavco,CVCO
CB Financial Services Inc,CBFV
CBAK Energy,CBAT
CBM Bancorp,CBMB
CBTX,CBTX
CDK Global Holdings LLC,CDK
CDW Corp,CDW
CECO Environmental,CECE
Celcuity,CELC
Celldex Therapeutics,CLDX
Cellect Biotech,APOP
Cellectar Biosciences,CLRB
Cellectis,CLLS
Cellular Bi,CBMG
Celsion,CLSN
Celsius,CELH
Celyad SA,CYAD
Cemtrex,CETX
Centennial Res Dev,CDEV
CenterState Banks,CSFL
Centogene,CNTG
Central European Media,CETV
Central Federal,CFBK
Central Garden&Pet,CENT
Central Garden&Pet A,CENTA
Central Valley Community,CVCY
Centric Brands,CTRC
Century Aluminum,CENX
Century Bancorp,CNBKA
Century Casinos,CNTY
Ceragon,CRNT
Cerecor Inc,CERC
Cerence,CRNC
Cerner,CERN
Cerus,CERS
Cesca Therapeutics,THMO
CEVA,CEVA
CF Finance,CFFA
CH Robinson,CHRW
Champions Oncology,CSBR
Change Healthcare,CHNG
Changyoucom,CYOU
Chanticleer,SONN
Charles&Colvard,CTHR
Chart Industries,GTLS
Charter Communications,CHTR
Check Cap Ltd,CHEK
Check Point Software,CHKP
Checkpoint Therapeutics,CKPT
Chembio,CEMI
ChemoCentryx,CCXI
Chemung,CHMG
CHF Solutions,CHFS
Chiasma Inc,CHMA
Chicken Soup,CSSE
Chimerix,CMRX
China Advanced Construction,HHT
China Automotive,CAAS
China Bat,GLG
China Biologic,CBPO
China Ceramics Co,CCCL
China Customer Relations Centers,CCRC
China Finance,JRJC
China HGS RE,HGSH
China Index Holdings,CIH
China Internet Financial,CIFS
China Jo-Jo Drugstores,CJJD
China Natural Resources,CHNR
China Recycling Energy,CREG
China SXT Pharma,SXTC
China XD Plastics,CXDC
Chinanet Online,CNET
ChipMOS Tech,IMOS
Chromadex Corp,CDXC
Churchill Downs,CHDN
Chuy's Holdings,CHUY
Cidara Therapeutics Inc,CDTX
CIM Commercial Trust,CMCT
Cimpress NV,CMPR
Cincinnati Bancorp,CNNB
Cincinnati Financial,CINF
Cinedigm,CIDM
Cintas,CTAS
Cirrus,CRUS
Cisco,CSCO
Citi Trends,CTRN
Citius Pharma,CTXR
Citizens,CIZN
Citizens Community,CZWI
Citizens&Northern,CZNC
Citrix Systems,CTXS
City Holding,CHCO
Civista Bancshares,CIVB
Clean Energy,CLNE
CleanSpark,CLSK
Clearfield,CLFD
ClearOne,CLRO
Clearside Biomedical,CLSD
ClearSign,CLIR
Cleveland BioLabs,CBLI
Clovis,CLVS
CLPS,CLPS
Cm Finance Inc,ICMB
CME Group,CME
CNB Financial,CCNE
Cns Pharma,CNSP
Co-Diagnostics,CODX
Coastal Financial,CCB
Coca-Cola Bottling,COKE
Cocrystal Pharma,COCP
Coda Octopus,CODA
Codexis,CDXS
Codorus Valley,CVLY
Coffee Holding,JVA
Cogent,CCOI
Cognex,CGNX
Cognizant A,CTSH
CohBar,CWBR
Coherent,COHR
Coherus BioSciences,CHRS
Cohu,COHU
Collectors Universe,CLCT
Collegium Pharmaceutical,COLL
Colliers International,CIGI
Collplant ADR,CLGN
Colony Bankcorp,CBAN
Columbia Banking,COLB
Columbia Financial,CLBK
Columbia Sportswear,COLM
Columbus McKinnon,CMCO
Comcast,CMCSA
Command Center,HQI
Commerce Bancshares,CBSH
Commercial Vehicle,CVGI
Commscope Hlding,COMM
Communications Systems,JCS
Community Bankers,ESXB
Community Financial Corp,TCFC
Community First Bancshares,CFBI
Community Trust,CTBI
Community West Bancshares,CWBC
CommVault,CVLT
Compugen,CGEN
Computer Programs&Systems,CPSI
Computer Task,CTG
Comscore,SCOR
Comstock,CHCI
Comtech,CMTL
Conatus Pharma,CNAT
Concert Pharm,CNCE
Concrete Pumping A,BBCP
Conduent,CNDT
ConforMIS Inc,CFMS
Conifer Holding Inc,CNFR
ConnectOne,CNOB
Conns,CONN
Consolidated Communications,CNSL
Consolidated Water,CWCO
Constellation Pharmaceuticals,CNST
Construction Partners,ROAD
Consumer Portfolio Services,CPSS
ContraFect Corp,CFRX
ContraVir Pharma,HEPA
Copart,CPRT
Corbus Pharmaceuticals Holding,CRBP
Corcept,CORT
Core-Mark,CORE
Cornerstone OnDemand,CSOD
Correvio Pharma,CORV
Cortexyme,CRTX
Cortland Bancorp,CLDB
CorVel,CRVL
Corvus Pharmaceuticals,CRVS
CoStar,CSGP
Costco,COST
CounterPath,CPAH
County Bancorp,ICBK
Coupa Software,COUP
Covenant,CVTI
Covetrus,CVET
Cowen Group,COWN
Cps Technologies,CPSH
CRA,CRAI
Cracker Barrel Old,CBRL
Craft Brew,BREW
Creative Realities,CREX
Credit Acceptance,CACC
Cree,CREE
Crescent Acquisition,CRSA
Cresud SACIF,CRESY
Crinetics Pharma,CRNX
Crispr Therapeutics,CRSP
Criteo Sa,CRTO
Crocs,CROX
Cronos,CRON
Cross Country,CCRN
Crowdstrike Holdings,CRWD
Crown Crafts,CRWS
Cryoport Inc,CYRX
CSG Systems,CSGS
CSI Compressco,CCLP
CSP,CSPI
CSW Industrials Inc,CSWI
CSX,CSX
CTi Biopharma,CTIC
CTI Industries,CTIB
Cue Biopharma,CUE
CUI Global,CUI
Cumberland,CPIX
Cumulus Media A,CMLS
Curis,CRIS
Cutera,CUTR
CVB Financial,CVBF
CVD Equipment,CVV
Cyanotech,CYAN
Cyberark Software,CYBR
CyberOptics,CYBE
Cyclacel,CYCC
Cyclerion Therapeutics,CYCN
Cymabay Therapeu,CBAY
Cypress,CY
Cyren,CYRN
CyrusOne,CONE
Cytokinetics Inc,CYTK
CytomX Therapeutics Inc,CTMX
Cytori Therapeutics,PSTV
Cytosorbents Crp,CTSO
Daily Journal Corp,DJCO
Daktronics,DAKT
Dare Bioscience,DARE
DarioHealth,DRIO
DASAN Zhone,DZSI
Daseke,DSKE
Data I/O,DAIO
Datadog,DDOG
Datasea,DTSS
Dave & Buster’s Entertainment,PLAY
Davidstea Inc,DTEA
Dawson Geophysical,DWSN
DBV Technologies,DBVT
Deciphera Pharma,DCPH
Del Taco Restaurants,TACO
DelMar Pharma,DMPI
Denali Therapeutics,DNLI
Denny’s,DENN
Dentsply,XRAY
DermTech,DMTK
Destination XL Group,DXLG
Deswell Industries,DSWL
DexCom,DXCM
DFB Healthcare,AHCO
DiaMedica Therapeutics,DMAC
Diamond Eagle,DEAC
Diamond Hill,DHIL
Diamondback,FANG
Diamondpeak A,DPHC
Dicerna Pharm,DRNA
Diffusion Pharma,DFFN
Digi,DGII
Digimarc,DMRC
Digirad,DRAD
Digital Ally,DGLY
Digital Turbine,APPS
Dime Community,DCOM
Diodes,DIOD
Discovery A,DISCA
Discovery B,DISCB
Discovery Communications C,DISCK
DISH Network,DISH
Diversified Healthcare,DHC
DLH Holdings,DLHC
Dmc Global,BOOM
DocuSign,DOCU
Dogness A,DOGZ
Dollar Tree,DLTR
Dolphin Entertainment,DLPN
Domo,DOMO
Donegal A,DGICA
Donegal B,DGICB
Dorchester Minerals,DMLP
Dorman,DORM
DouYu,DOYU
Dragon Victory,LYL
Dropbox,DBX
Dropcar,DCAR
DSP Group,DSPG
Duluth Holdings Inc,DLTH
Dunkin Brands,DNKN
Duos Tech,DUOT
Durect,DRRX
DXP Enterprises,DXPE
Dyadic,DYAI
Dynatronics,DYNT
Dynavax,DVAX
E-TRADE,ETFC
Eagle,EGBN
Eagle Bulk Shipping,EGLE
Eagle Montana,EBMT
Eagle Pharm,EGRX
East West Bancorp,EWBC
Eastern Co,EML
Eastside Distilling,EAST
eBay,EBAY
Ebix,EBIX
Echo Global,ECHO
EchoStar,SATS
Ecmoho,MOHO
EDAP,EDAP
Edison Nation,EDNT
Editas Medicine,EDIT
Educational Development,EDUC
eGain,EGAN
Ehang,EH
eHealth,EHTH
Eidos Therapeutics,EIDX
Eiger Biopharma,EIGR
Ekso Bionics,EKSO
El Pollo Loco Holdings Inc,LOCO
Elbit Systems,ESLT
Eldorado Resorts LLC,ERI
Electrameccanica Vehicles,SOLO
Electro-Sensors,ELSE
Electrocore,ECOR
Electronic Arts,EA
Elmira Savings Bank,ESBK
Eloxx Pharma,ELOX
Eltek,ELTK
Emclaire,EMCF
EMCORE,EMKR
Emmis Comm,EMMS
Enanta,ENTA
Encore Capital,ECPG
Encore Wire,WIRE
Endo Int,ENDP
Endologix,ELGX
ENDRA Life Sciences,NDRA
Endurance Intl,EIGI
Energous Co,WATT
Energy Focu,EFOI
Energy Recovery,ERII
ENGlobal,ENG
Enlivex,ENLV
Enochian Biosciences,ENOB
Enphase,ENPH
Enstar,ESGR
Entasis Therapeutics,ETTX
Entegris,ENTG
Entera Bio,ENTX
Enterprise,EBTC
Enterprise Financial,EFSC
Envision Solar,EVSI
Epizyme Inc,EPZM
ePlus,PLUS
Epsilon Energy,EPSN
Equillium,EQ
Equinix,EQIX
Equity Bancshares Inc,EQBK
Erie Indemnity,ERIE
Erytech Pharma ADR,ERYP
Escalade,ESCA
Esperion Th,ESPR
Esquire Financial,ESQ
ESSA Bancorp,ESSA
ESSA Pharma,EPIX
Establishment Labs,ESTA
Eton Pharmaceuticals,ETON
Etsy Inc,ETSY
Euro Tech,CLWT
EuroDry,EDRY
Euronet,EEFT
Euroseas,ESEA
Evelo Biosciences,EVLO
Ever-Glory,EVK
Everbridge,EVBG
EverQuote A,EVER
Everspin Tech,MRAM
EVINE,IMBI
EVO Payments,EVOP
Evofem Biosciences,EVFM
Evogene,EVGN
Evoke Pharma,EVOK
Evolus,EOLS
Evolving Systems,EVOL
EW Scripps A,SSP
EXACT Sciences,EXAS
Exagen,XGN
Exela Tech,XELA
Exelixis,EXEL
Exelon,EXC
EXFO,EXFO
Exicure,XCUR
ExlServices,EXLS
eXp World,EXPI
Expedia,EXPE
Expeditors Washington,EXPD
Exponent,EXPO
Extended Stay America,STAY
Extraction Oil & Gas,XOG
Extreme,EXTR
EyeGate Pharmaceuticals Inc,EYEG
Eyenovia,EYEN
Eyepoint Pharma,EYPT
EZCORP,EZPW
F5 Networks,FFIV
Facebook,FB
Falcon Minerals A,FLMN
Fangdd Network,DUO
Fanhua,FANH
Farmer Bros. Co,FARM
Farmers & Merchants Bancorp,FMAO
Farmers National,FMNB
Farmmi,FAMI
FARO,FARO
Fastenal,FAST
FAT Brands,FAT
Fate Therapeutics,FATE
Fauquier,FBSS
Federated National,FNHC
Female Health,VERU
Fennec Pharma,FENC
Ferroglobe,GSM
Ffbw,FFBW
FibroGen Inc,FGEN
Fidelity D&D,FDBC
Fiesta,FRGI
Fifth Third,FITB
Financial Institutions,FISI
Finjan Hold,FNJN
FinTech Acquisition,FTAC
FinTech Acquisition II,IMXI
FireEye,FEYE
First Bancorp,FBNC
First Bancorp Inc,FNLC
First Bank,FRBA
First Busey,BUSE
First Business,FBIZ
First Capital,FCAP
First Choice Bancorp,FCBP
First Citizens BancShares,FCNCA
First Community,FCCO
First Community Bancshares,FCBC
First Defiance,FDEF
First Financial Bancorp,FFBC
First Financial Bankshares,FFIN
First Financial Indiana,THFF
First Financial Northwest,FFNW
First Foundation Inc,FFWM
First Guaranty Bancshares Inc,FGBI
First Hawaiian,FHB
First Internet,INBK
First Interstate BancSystem,FIBK
First Merchants,FRME
First Mid Illinois Bancshares,FMBH
First Midwest,FMBI
First National,FXNC
First Northwest Bancorp,FNWB
First Savings,FSFG
First Solar,FSLR
First United,FUNC
First US Bancshares,FUSB
First Western Financial,MYFW
FirstCash,FCFS
FirstService,FSV
Fiserv,FISV
Five Below,FIVE
Five Prime Therapeutics,FPRX
Five Star Quality Care,FVE
Five9,FIVN
Flex,FLEX
Flex Pharma Inc,SLRX
Flexion Theraptc,FLXN
FlexShopper Inc,FPAY
Flexsteel,FLXS
FLIR Systems,FLIR
Fluent,FLNT
Fluidigm,FLDM
Flushing,FFIC
FNCB Bancorp,FNCB
Focus Financial Partners,FOCS
Fonar,FONR
Forescout Tech,FSCT
Foresight Autonomous,FRSX
FormFactor,FORM
Formula Systems ADR,FORTY
Forrester,FORR
Forterra,FRTA
Fortinet,FTNT
Fortress Biotech,FBIO
Forty Seven,FTSV
Forum Merger II A,FMCI
Forward Air,FWRD
Forward Industries,FORD
Forward Pharma A S,FWP
Fossil,FOSL
Fox Corp A,FOXA
Fox Corp B,FOX
Fox Factory,FOXF
Francescass,FRAN
Franchise Group,FRG
Franklin Electric,FELE
Franklin Financial,FRAF
Freedom,FRHC
Freightcar,RAIL
Frequency Electronics,FEIM
Frequency Thera,FREQ
Freshpet Inc,FRPT
Frontdoor,FTDR
Frontier Com,FTR
Frp Holdings Ord,FRPH
FS Bancorp,FSBW
FSB Community Bankshares,FSBC
FSD Pharma B,HUGE
Fuel Tech,FTEK
FuelCell Energy,FCEL
Fulcrum Therapeutics,FULC
Fulgent Genetics,FLGT
Fuling Global Inc,FORK
Full House Resorts Inc,FLL
Fulton,FULT
Funko,FNKO
Futu,FUTU
Future Fintech,FTFT
Fuwei Films Holdings,FFHL
FVCBankcorp,FVCB
G Willi-Food,WILC
G-III Apparel,GIII
G1 Therapeutics,GTHX
Gaia Inc,GAIA
Galapagos ADR,GLPG
Galectin,GALT
Galera,GRTX
Galmed Pharma,GLMD
Gamida Cell,GMDA
Gaming & Leisure Properties,GLPI
Garmin,GRMN
GCI Liberty A,GLIBA
GDS Holdings,GDS
Gemphire Therapeutics,NRBO
Genasys Inc,GNSS
Gencor,GENC
General Finance,GFN
Genetic Technologies,GENE
Genfit,GNFT
Genius Brands International Inc,GNUS
Genmab AS,GMAB
GenMark,GNMK
Genocea Bio,GNCA
Genprex,GNPX
Gentex,GNTX
Gentherm,THRM
Geospace,GEOS
German American Bancorp,GABC
Geron,GERN
Gevo,GEVO
Gibraltar Industries,ROCK
Giga Media Ltd,GIGM
Gilat,GILT
Gilead,GILD
Glacier,GBCI
Gladstone Commercial,GOOD
Gladstone Land,LAND
Glen Burnie,GLBZ
Global Blood Therapeutics Inc,GBT
Global Eagle,ENT
Global Indemnity,GBLI
Global Self Storage,SELF
Global Water,GWRS
Globus Maritime,GLBS
Glory Star New Media Group Holdings Ltd,GSMG
Glu Mobile,GLUU
GlycoMimetics,GLYC
Gogo Inc,GOGO
Golar,GLNG
Golar LNG Partners LP,GMLP
Golden Bull,DNJR
Golden Entertainment,GDEN
Golden Ocean,GOGL
Good Times,GTIM
Goosehead Insurance,GSHD
GoPro Inc,GPRO
Gordon Pointe A,GPAQ
Gores Metropoulos,GMHI
Gossamer Bio,GOSS
Grand Canyon Education,LOPE
Gravity Co,GRVY
Great Elm Capital,GEC
Great Lakes Dredge&Dock,GLDD
Great Southern Bancorp,GSBC
Green Brick Partners Inc,GRBK
Green Plains Energy,GPRE
Green Plains Partners LP,GPP
Greene County,GCBC
Greenland Acquisition,GTEC
Greenlane,GNLN
Greenlight Capital Re,GLRE
GreenPro,GRNQ
GreenSky,GSKY
Grid Dynamics,GDYN
Gridsum,GSUM
Griffin Industrial Realty,GRIF
Grifols ADR,GRFS
Grindrod Shipping,GRIN
Gritstone Oncology,GRTS
Grocery Outlet,GO
Groupon,GRPN
GrowGeneration,GRWG
Grupo Financiero Galicia ADR,GGAL
GSE Systems,GVP
GSI Technology,GSIT
GTX Inc,ONCT
GTY Tech A,GTYH
Guaranty Bancshares,GNTY
Guaranty Federal,GFED
Guardant Health,GH
Guardion Health,GHSI
Gulf Island Fabrication,GIFI
Gulf Resources,GURE
Gulfport,GPOR
GW Pharma ADR,GWPH
GWG Holdings Inc,GWGH
Gyrodyne of America,GYRO
H&E Equipment,HEES
Hailiang Education Group Inc,HLG
Hallador,HNRG
Hallmark,HALL
Halozyme,HALO
Hamilton Lane,HLNE
Hancock Jaffe Labs,HJLI
Hancock Whitney,HWC
Hanmi,HAFC
Happiness Biotech,HAPP
HarborOne Banc,HONE
Harmonic,HLIT
Harpoon Therapeutics,HARP
Harrow Health,HROW
Harvard Bioscience,HBIO
Harvest,HCAP
Hasbro,HAS
Hawaiian,HA
Hawkins,HWKN
Hawthorn Bancshares,HWBK
Haymaker A,OSW
Haynes,HAYN
Hbt Fin,HBT
HD Supply,HDS
HeadHunter ADR,HHR
Health Catalyst,HCAT
Healthcare Services,HCSG
Healthequity Inc,HQY
HealthStream,HSTM
Heartland Express,HTLD
Heartland Financial,HTLF
Heat Biologics,HTBX
Hebron Technology,HEBT
Heidrick&Struggles,HSII
Helen of Troy Ltd,HELE
Helios Tech,HLIO
Helius Medical A,HSDT
Hemisphere,HMTV
Hennessy Ad,HNNA
Hennessy Capital IV A,HCAC
Henry Schein,HSIC
Heritage Commerce,HTBK
Heritage Financial Co,HFWA
Heritage-Crystal Clean,HCCI
Herman Miller,MLHR
Heron Therapeuti,HRTX
Heska,HSKA
Hexindai,HX
Hf Foods,HFFG
Hibbett Sports,HIBB
Highways,HIHO
Himax,HIMX
Hingham Institution,HIFS
Histogenics Corp,OCGN
HL Acquisitions,HCCH
HMN Financial,HMNF
HMS Holdings,HMSY
Hollysys Automation Tech,HOLI
Hologic,HOLX
Home Bancorp,HBCP
Home BancShares,HOMB
Home Federal Louisiana,HFBL
HomeStreet,HMST
HomeTrust,HTBI
Homology Medicines,FIXX
Hooker Furniture,HOFT
Hookipa Pharma,HOOK
Hope Bancorp,HOPE
Horizon Bancorp,HBNC
Horizon Finance,HRZN
Horizon Pharma,HZNP
Hostess Brands,TWNK
Hoth Therapeutics,HOTH
Houghton Mifflin,HMHC
Houston Wire&Cable,HWCC
Howard,HBMD
HTG Molecular Diagnostics,HTGM
Huazhu,HTHT
Hub Group,HUBG
Hudson,HDSN
Hudson Global Inc,HSON
Huize,HUIZ
Huntington Bancshares,HBAN
Hurco,HURC
Huron,HURN
Hutchison China MediTech,HCM
Huttig Building,HBP
HV Bancorp,HVBC
HyreCar,HYRE
I Mab,IMAB
i3 Verticals,IIIV
IAC/InterActiveCorp,IAC
IBERIABANK,IBKC
icad,ICAD
Icahn Enterprises,IEP
ICC Holding,ICCH
ICF International,ICFI
Ichor Holdings,ICHR
iClick Interactive Asia,ICLK
ICON PLC,ICLR
Iconix Brand,ICON
ICU Medical,ICUI
ID Systems,PWFL
Ideal Power Inc,IPWR
Ideanomics,IDEX
Ideaya Biosciences,IDYA
Identive,INVE
Idera Pharma,IDRA
IDEXX Labs,IDXX
IES Holdings,IESC
IF Bancorp,IROQ
iFresh Inc,IFMK
IGM Biosciences,IGMS
iHeartMedia A,IHRT
II-VI,IIVI
Ikonics,IKNX
Illumina,ILMN
Imac,IMAC
Image Sensing,ISNS
Imara,IMRA
Immersion Corp,IMMR
ImmuCell,ICCC
Immunic,IMUX
ImmunoGen,IMGN
Immunomedics,IMMU
Immuron,IMRN
Immutep ADR,IMMP
Impinj,PI
Imv Inc,IMV
INC Research,SYNH
Incyte,INCY
Independent Bank,INDB
Independent Bank Corp,IBCP
Independent Bank Group,IBTX
Industrial Logistics Properties,ILPT
Infinera,INFN
Infinity,INFI
InflaRx,IFRX
Information Services,III
Infrastructure Energy Alternatives,IEA
Ingles,IMKTA
InMode,INMD
INmune Bio,INMB
Innate Pharma,IPHA
InnerWorkings,INWK
Innodata,INOD
Innospec,IOSP
Innovate Biopharma,INNT
Innovative Solutions,ISSC
Innoviva,INVA
Inogen Inc,INGN
Inovalon Holdings Inc,INOV
Inovio,INO
Inpixon,INPX
Inseego,INSG
Insight Enterprises,NSIT
Insignia,ISIG
Insmed,INSM
Inspired Entertainment,INSE
Insteel Industries,IIIN
Insulet,PODD
Intec Pharma,NTEC
Integra,IART
Integrated Media Tech,IMTE
Intel,INTC
Intellia Therapeutics Inc,NTLA
Inter Parfums,IPAR
Interactive Brokers,IBKR
Intercept,ICPT
InterDigital,IDCC
Interface,TILE
International Bancshares,IBOC
Interpace Diagnostics,IDXG
Intersect ENT Inc,XENT
Intevac,IVAC
INTL FCStone,INTL
Intracellular Th,ITCI
IntriCon,IIN
Intuit,INTU
Intuitive Surgical,ISRG
Investar Holding,ISTR
Investors Bancorp,ISBC
Investors Title,ITIC
InVivo Therapeutics,NVIV
Ionis Pharma,IONS
Iovance Biotherapeutics,IOVA
IPG Photonics,IPGP
iQIYI,IQ
Iradimed Co,IRMD
iRhythm Tech,IRTC
IRIDEX,IRIX
Iridium,IRDM
iRobot,IRBT
Ironwood,IRWD
IRSA Propiedades ADR,IRCP
Itamar Medical,ITMR
Iteris,ITI
Iterum Therapeutics,ITRM
Itron,ITRI
Ituran,ITRN
ITUS,ANIX
IVERIC bio,ISEE
IZEA,IZEA
J & J Snack Foods,JJSF
J W Mays,MAYS
j2 Global,JCOM
Jack Henry&Associates,JKHY
Jack In The Box,JACK
Jaguar Health,JAGX
JAKKS Pacific,JAKK
James River Group,JRVR
Janone,JAN
Jazz Pharma,JAZZ
JB Hunt,JBHT
JD.com Inc Adr,JD
Jensyn Acquisition,PECK
Jerash,JRSH
JetBlue,JBLU
Jewett-Cameron Trading,JCTCF
Jiayin,JFIN
JMU,MFH
John B Sanfilippo&Son,JBSS
Johnson Outdoors,JOUT
Jounce Therapeutics,JNCE
Kaiser,KALU
Kaixin Auto,KXIN
Kala Pharma,KALA
Kaleido Biosciences,KLDO
Kalvista Pharma,KALV
Kamada,KMDA
Kandi,KNDI
Karuna Therapeutics,KRTX
Karyopharm,KPTI
Kayne Anderson,ALTM
Kazia Therapeutics ADR,KZIA
KBL Merger IV,KBLM
KBS Fashion,KBSF
Kearny Financial,KRNY
Kelly Services A,KELYA
Kelly Services B,KELYB
KemPharm Inc,KMPH
Kentucky First Federal,KFFB
Kewaunee,KEQU
Key Tronic,KTCC
Kezar Life,KZR
Kforce,KFRC
Kimball,KBAL
Kimball Electronics,KE
Kindred Bioscncs,KIN
Kingold,KGJI
Kingstone,KINS
Kiniksa Pharma,KNSA
Kinsale Capital,KNSL
Kirklands,KIRK
Kitov Pharmaceuticals Holdings,KTOV
KLA-Tencor,KLAC
KLX Energy,KLXE
Kodiak Sciences,KOD
Kopin,KOPN
Kornit Digital Ltd,KRNT
Koss,KOSS
Kraft Heinz,KHC
Kratos Defense&Security,KTOS
Krystal Biotech,KRYS
Kulicke&Soffa,KLIC
Kura Oncology Inc,KURA
Kura Sushi,KRUS
KVH Industries,KVHI
La Jolla Pharma,LJPC
Lake Shore Bancorp,LSBK
Lakeland Bancorp,LBAI
Lakeland Financial,LKFN
Lakeland Industries,LAKE
Lam Research,LRCX
Lamar,LAMR
Lancaster Colony,LANC
Landec,LNDC
Landmark,LARK
Landmark Infrastructure Part,LMRK
Landstar,LSTR
Lands’ End,LE
Lantheus Holdings Inc,LNTH
Lantronix,LTRX
Lattice,LSCC
Laureate Education,LAUR
Lawson,LAWS
Lazydays,LAZY
LB Foster,FSTR
LCNB,LCNB
Leap Therapeutics,LPTX
Legacy Housing,LEGH
Leisure Acquisition,LACQ
LeMaitre Vascular,LMAT
Lendingtree,TREE
Level One Bancorp,LEVL
Lexicon,LXRX
Lexinfintech,LX
LF Capital A,LFAC
LGI Homes,LGIH
LHC Group,LHCG
Lianluo Smart,LLIT
Liberty Broadband Srs A,LBRDA
Liberty Broadband Srs C,LBRDK
Liberty Global,LBTYA
Liberty Global B,LBTYB
Liberty Global C,LBTYK
Liberty Latin America,LILA
Liberty Latin America C,LILAK
Liberty Media Braves A,BATRA
Liberty Media Braves C,BATRK
Liberty Media Formula A,FWONA
Liberty Media Formula C,FWONK
Liberty Media SiriusXM A,LSXMA
Liberty Media SiriusXM B,LSXMB
Liberty Media SiriusXM C,LSXMK
Liberty Tri,LTRPA
Liberty Tripadvisor,LTRPB
Lifetime Brands,LCUT
Lifevantage,LFVN
Lifeway,LWAY
Ligand,LGND
Lightbridge,LTBR
LightPath,LPTH
Limbach Holdings,LMB
Limelight,LLNW
ProMetic Life Sciences Inc.,LMNL
Limoneira,LMNR
Lincoln Educational,LINC
Lincoln Electrics,LECO
Lindblad Expeditions,LIND
Lipocine,LPCN
LiqTech,LIQT
Liquid Media,YVR
Liquidia Technologies,LQDA
Liquidity Services,LQDT
Littelfuse,LFUS
LivaNova PLC,LIVN
Live Oak Bancshares Inc,LOB
Live Ventures,LIVE
LivePerson,LPSN
LiveXLive Media,LIVX
Livongo,LVGO
Lizhi,LIZI
LKQ,LKQ
LM Ericsson B ADR,ERIC
LM Funding America,LMFA
Lmp Auto,LMPX
LogicBio Therapeutics,LOGC
Logitech,LOGI
LogMeIn,LOGM
Lonestar Resources,LONE
Longevity Acquisition,LOAC
Loop Industries,LOOP
Loral Space,LORL
Lovesac,LOVE
LPL Financial,LPLA
LSI Industries,LYTS
Luckin Coffee,LK
Lululemon Athletica,LULU
Lumentum Holdings Inc,LITE
Luminex,LMNX
Lumos Pharma Inc,LUMO
Luna,LUNA
Luokung Tech,LKCO
Luther Burbank,LBC
LYFT,LYFT
Macatawa Bank,MCBC
Mackinac,MFNC
MACOM Tech,MTSI
MacroGenics Inc,MGNX
Madrigal Pharma,MDGL
Magal,MAGS
Magellan Health,MGLN
Magenta Therapeutics,MGTA
Magic,MGIC
Magyar,MGYR
Maiden Holdings,MHLD
Mainstreet Bank,MNSB
Majesco,MJCO
MakeMyTrip,MMYT
Malibu Boats Inc,MBUU
Malvern,MLVF
Mammoth Energy Services,TUSK
Manhattan Associates,MANH
Manhattan Bridge,LOAN
Manitex,MNTX
Mannatech,MTEX
MannKind,MNKD
ManTech,MANT
Marathon Patent,MARA
Marchex,MCHX
Marin Software,MRIN
Marine Petroleum,MARPS
Marinus Pharma,MRNS
Marker Therapeutics,MRKR
MarketAxesss,MKTX
Marlin Business,MRLN
Marriott Int,MAR
Marron Bio,MBII
Marten Transport,MRTN
Martin Midstream,MMLP
Marvell,MRVL
Masimo,MASI
Mastercraft Boat,MCFT
Match Group,MTCH
Materialise NV,MTLS
Matlin & Partners,USWS
Matrix,MTRX
Mattel,MAT
Matthews,MATW
Maxim,MXIM
McGrath,MGRC
MDC,MDCA
MDJM,MDJH
Medalist Diversified,MDRR
MediciNova,MNOV
Medigus ADR,MDGS
Mediwound,MDWD
Medpace Holdings,MEDP
Meet Group,MEET
MEI Pharma,MEIP
MeiraGTx,MGTX
Melco Resorts & Entertainment,MLCO
Mellanox,MLNX
Menlo Therapeutics,MNLO
MER,MTSL
MercadoLibre,MELI
Mercantil Bank,AMTBB
Mercantil Bank A,AMTB
Mercantile,MBWM
Mercer Int,MERC
Merchants Bancorp,MBIN
Mercury,MRCY
Mereo BioPharma ADR,MREO
Meridian,VIVO
Meridian Bank,MRBK
Meridian Interstate,EBSB
Merit,MMSI
Merrimack Pharma,MACK
Mersana Therapeutics,MRSN
Merus,MRUS
Mesa Air,MESA
Mesa Labs,MLAB
Mesoblast,MESO
Meta Financial,CASH
Meten Edtechx Education,METX
Methanex,MEOH
MetroCity,MCBS
MGE Energy,MGEE
MGP Ingredients,MGPI
Michaels,MIK
Microbot Medical,MBOT
Microchip,MCHP
Micron,MU
Micronet Enertec,MICT
Microsoft,MSFT
MicroStrategy,MSTR
Microvision,MVIS
Mid Penn,MPB
Mid-Con,MCEP
Mid-Southern Bancorp,MSVB
Midatech Pharma ADR,MTP
Middleby Corp,MIDD
Middlefield Banc,MBCN
Middlesex Water,MSEX
Midland States Banc,MSBI
MidWestOne,MOFG
Milestone Pharmaceuticals,MIST
Millendo Therapeutics,MLND
Millicom,TIGO
Mimecast Ltd,MIME
MIND CTI,MNDO
Minerva Neurosciences,NERV
Miragen Therapeutics,MGEN
Mirati Ther,MRTX
Mirum Pharmaceuticals,MIRM
MISONIX,MSON
Mitcham,MIND
Mitek,MITK
MKS Instruments,MKSI
MMA Capital Management LLC,MMAC
MMTEC,MTC
Mobile Mini,MINI
MobileIron,MOBL
Moderna,MRNA
Mogo,MOGO
Mohawk Group,MWK
Molecular Data,MKD
Molecular Templates,MTEM
Moleculin Biotech,MBRX
Momenta,MNTA
Momo Inc,MOMO
Monaker,MKGI
Monarch,MCRI
Mondelez,MDLZ
Moneygram,MGI
MongoDB,MDB
Monocle Acquisition,MNCL
Monolithic,MPWR
Monro Muffler Brake,MNRO
Monster Beverage,MNST
Morningstar,MORN
Morphic Holding,MORF
MorphoSys ADR,MOR
MoSys,MOSY
Motorcar Parts,MPAA
Motus GI Holdings,MOTS
Moxian,MOXC
Mr. Cooper,COOP
MRI Interventions,CLPT
MSB Financial,MSBF
MTBC,MTBC
MTS Systems,MTSC
Mudrick Capital A,MUDS
Mustang Bio,MBIO
MutualFirst,MFSF
MVB Financial,MVBF
My Size,MYSZ
Mylan,MYL
MyoKardia Inc,MYOK
Myos Rens,MYOS
MYR Group,MYRG
Myriad Genetics,MYGN
Nabriva Therapeutics,NBRV
Naked Brand,NAKD
Nano Dimension,NNDM
Nanostrg Te,NSTG
NanoVibronix,NAOV
Nanthealth,NH
NantKwest Inc,NK
NAPCO,NSSC
Nasdaq Inc,NDAQ
Natera Inc,NTRA
Nathans Famous,NATH
National Bankshares,NKSH
National Beverage,FIZZ
National CineMedia,NCMI
National Energy Services,NESR
National General Holdings Corp,NGHC
National Holdings,NHLD
National Instruments,NATI
National Research,NRC
National Security,NSEC
National Vision,EYE
National Western Life Insurance,NWLI
Natural Alternatives,NAII
Natural Health Trend,NHTC
Natures Sunshine,NATR
Natus,NTUS
Navient,NAVI
Navios Maritime,NMCI
NBT Bancorp,NBTB
NCS Multistage,NCSM
Nebula Acquisition A,NEBU
Nektar,NKTR
Nemaura Medical,NMRD
Neogen,NEOG
NeoGenomics,NEO
Neon Therapeutics,NTGN
Neonode,NEON
Neos Therapeutics Inc,NEOS
Neovasc Inc,NVCN
Nephros,NEPH
Neptune Wellness Solutions,NEPT
Net 1 UEPS,UEPS
Net Element,NETE
NetApp,NTAP
NetEase,NTES
Netflix,NFLX
NETGEAR,NTGR
NetScout,NTCT
NetSol,NTWK
Neurocrine,NBIX
NeuroMetrix,NURO
Neuronetics,STIM
Neurotrope,NTRP
New Age Beverages,NBEV
New Fortress Energy,NFE
New York Mortgage,NYMT
Newater Technology,NEWA
Newell Brands,NWL
Newgioco,NWGI
Newmark Group,NMRK
News Corp,NWS
News Corp A,NWSA
Newtek,NEWT
Nexstar,NXST
NextCure,NXTC
Nextdecade,NEXT
Nextgen Healthcare,NXGN
NGM Biopharma,NGM
NI Holdings,NODK
NIC,EGOV
Nice ADR,NICE
Nicholas Financial,NICK
Nicolet Bankshares Inc,NCBS
Niu Tech,NIU
nLIGHT,LASR
NMI Holdings,NMIH
NN Inc,NNBR
Noble Energy,NBL
Noble Midstream,NBLX
Noodles & Co,NDLS
Nordson,NDSN
Nortech,NSYS
Northeast Bancorp,NBN
Northern Technologies,NTIC
Northern Trust,NTRS
Northfield Bancorp,NFBK
Northrim,NRIM
Northwest Bancshares,NWBI
Northwest Pipe,NWPX
NortonLifeLock,NLOK
Norwood,NWFL
Nova Lifestyle I,NVFY
Nova,NVMI
Novan,NOVN
Novanta,NOVT
Novavax,NVAX
Novocure Ltd,NVCR
Novus Therapeutics,NVUS
Nuance Communications,NUAN
NuCana,NCNA
Nutanix,NTNX
NuVasive,NUVA
NV5 Global,NVEE
NVE Corporation,NVEC
NVIDIA,NVDA
NXP,NXPI
NXT-ID,NXTD
Nymox Pharmaceutical,NYMX
O2Micro,OIIM
Oak Valley Bancorp,OVLY
Oasis,OAS
Oasis Midstream Partners,OMP
Obalon Therapeutics,OBLN
ObsEva,OBSV
Ocean Bio-Chem,OBCI
Ocean Power,OPTT
OceanFirst,OCFC
Oconee,OFED
Ocular Therapeutix Inc,OCUL
Odonate Therapeutics,ODT
Odyssey,OMEX
Office Depot,ODP
Office Properties,OPI
Ohio Valley Banc,OVBC
OHR Pharmaceutical,NBSE
Okta,OKTA
Old Dominion Freight Line,ODFL
Old National Bancorp,ONB
Old Point,OPOF
Old Second Bancorp,OSBC
Ollies Bargain Outlet Holdings Inc,OLLI
Olympic Steel,ZEUS
Omega Flex,OFLX
Omeros,OMER
Omnicell,OMCL
ON Semiconductor,ON
Oncolytics Biotech,ONCY
Onconova Therapeutics,ONTX
OncoSec Medical,ONCS
One Group Hospitality,STKS
One Stop Systems,OSS
Onespan,OSPN
Onewater Marine,ONEW
Open Bank,OPBK
Open Text,OTEX
Opera,OPRA
Opes Acquisition,OPES
OpGen,OPGN
Opiant Pharma,OPNT
Opko Health,OPK
Oportun Financial,OPRT
Optibase,OBAS
Optical Cable,OCC
OPTIMIZERx,OPRX
OptimumBank Holdings,OPHC
OptiNose,OPTN
Option Care Health,OPCH
Opus Bank,OPB
Oramed,ORMP
OraSure,OSUR
ORBCOMM,ORBC
Orchard,ORTX
OrganiGram Holdings Inc,OGI
Organogenesis,ORGO
Organovo Holdings,ONVO
Orgenesis,ORGS
Origin Agritech,SEED
Origin Bancorp,OBNK
Orion Energy,OESX
Orrstown,ORRF
Orthofix,OFIX
Orthopediatrics,KIDS
OSI Systems,OSIS
Osmotica Pharma,OSMT
Ossen Innovation,OSN
Otelco,OTEL
Otonomy Inc,OTIC
Ottawa Savings Bancorp Inc,OTTW
Otter Tail,OTTR
OUTLOOK THERAPEUTICS,OTLK
Overstockcom,OSTK
Ovid Therapeutics,OVID
Oxbridge Re,OXBR
Oxford Immunotec Global,OXFD
Oyster Point Pharma,OYST
O’Reilly Automotive,ORLY
P&F Industries,PFIN
PACCAR,PCAR
Pacific Biosciences,PACB
Pacific City Financial,PCB
Pacific Ethanol,PEIX
Pacific Mercantile,PMBC
Pacific Premier,PPBI
Pacira,PCRX
PacWest,PACW
Palomar,PLMR
PAM,PTSI
Pan American Silver,PAAS
Papa John's,PZZA
Paratek Pharma,PRTK
Pareteum,TEUM
Park City Group,PCYG
Park-Ohios,PKOH
Parke,PKBK
Partner ADR,PTNR
Passage Bio,PASG
Pathfinder Bancorp,PBHC
Patrick,PATK
Patriot National Bancorp,PNBK
Patriot Transportation,PATI
Patterson,PDCO
Patterson-UTI Energy,PTEN
PAVmed,PAVM
Paychex,PAYX
Paylocity Holdng,PCTY
Payment Data Systems Inc,USIO
PayPal Holdings Inc,PYPL
Paysign,PAYS
PB Bancorp,PBBI
PC Connection,CNXN
PC-Tel,PCTI
PCSB Financial,PCSB
PDC Energy,PDCE
PDF Solutions,PDFS
PDL BioPharma,PDLI
PDL Community,PDLB
PDS Biotech,PDSB
Peapack-Gladstone,PGC
Pegasystems,PEGA
Peloton Interactive,PTON
Penn National Gaming,PENN
Penn Virginia,PVAC
Penns Woods,PWOD
Pensare Acquisition,WRLS
Peoples Bancorp,PEBO
Peoples Fin,PFIS
Peoples North Carolina,PEBK
People’s United,PBCT
People’s Utah Bancorp,PUB
PepsiCo,PEP
Perceptron,PRCP
Peregrine Pharma,CDMO
Perficient,PRFT
Performance Shipping,PSHG
Performant,PFMT
Perion Network,PERI
Perma-Fix Inc,PESI
Perma-Pipe Int,PPIH
Personalis,PSNL
PetIQ,PETQ
PetMed Express,PETS
PFSweb,PFSW
PhaseBio Pharmaceuticals,PHAS
Phathom Pharma,PHAT
Phibro,PAHC
Phio Pharma,PHIO
Photronics,PLAB
Phunware,PHUN
PICO Holdings,PICO
Piedmont Lithium ADR,PLL
Pieris Pharmaceuticals Inc,PIRS
Pilgrims Pride,PPC
Pinduoduo,PDD
Pingtan Marine,PME
Pinnacle,PNFP
Pintec Tech,PT
Pioneer Pow,PPSI
Pixelworks,PXLW
Playa Hotels & Resorts,PLYA
Plexus,PLXS
Plug Power,PLUG
Plumas,PLBC
Pluralsight,PS
Pluristem,PSTI
PLx Pharma,PLXP
Points International,PCOM
Polar Power,POLA
Polarityte,PTE
Pool,POOL
Pope Resources A Delaware,POPE
Popular,BPOP
Porter Bancorp,LMST
Portola,PTLA
Positive Physicians,PPHI
Potbelly Co,PBPB
PotlatchDeltic,PCH
Powell Industries,POWL
Power Integrations,POWI
Powerbridge,PBTS
Ppd,PPD
PRA Group Inc,PRAA
PRA Health Sciences Inc,PRAH
Precigen,PGEN
Precipio,PRPO
Precision BioSciences,DTIL
Predictive Oncology,POAI
Preferred Bank,PFBC
Preformed Line,PLPC
Premier Financial,PFBI
Premier Inc,PINC
Prevail Therapeutics,PRVL
PRGX,PRGX
PriceSmart,PSMT
PrimeEnergy,PNRG
Primoris,PRIM
Principal Financial,PFG
Principia Biopharma,PRNB
Priority Tech,PRTH
Pro-Dex,PDEX
Professional,PFHD
Professional Diversity,IPDN
Profire Ene,PFIE
Progenics,PGNX
Progress,PRGS
Progyny,PGNY
Proofpoint,PFPT
ProPhase Labs,PRPH
ProQR Therapeutics NV,PRQR
Protagonist Therapeutics,PTGX
Protective Insurance A,PTVCA
Protective Insurance B,PTVCB
Proteostasis Therapeutics,PTI
Prothena,PRTA
Provention Bio,PRVB
Provident,PROV
Provident Bancorp Inc,PVBC
Prudential Pennsylvania,PBIP
Psychemedics,PMD
PTC,PTC
PTC Therapeutics,PTCT
Puhui Wealth Invest,PHCF
Pulmatrix,PULM
Pulse Biosciences,PLSE
Puma Biotech,PBYI
Pure Acquisition A,PACQ
Pure Cycle,PCYO
Purple Innovation,PRPL
Puyi ADR,PUYI
Pyxis Tankers Inc,PXS
Q And K Intl,QK
QAD A,QADA
QAD B,QADB
QCR,QCRH
QIWI,QIWI
Qorvo Inc,QRVO
Qualcomm,QCOM
Qualstar,QBAK
Qualys,QLYS
Quanterix,QTRX
Quantum,QMCO
Quest Resource,QRHC
QuickLogic,QUIK
Quidel,QDEL
QuinStreet,QNST
Qumu Corp,QUMU
Quotient Ltd,QTNT
Qurate Retail A,QRTEA
Qurate Retail B,QRTEB
Qutoutiao,QTT
R1 RCM,RCM
Ra Pharma,RARX
Rada Electronic Industries,RADA
Radcom,RDCM
Radio One,UONE
Radio One D,UONEK
Radius Heal,RDUS
RadNet,RDNT
Radware,RDWR
Ramaco Resources,METC
Rambus,RMBS
Randolph Bancorp,RNDB
Rapid7 Inc,RPD
RAPT Therapeutics,RAPT
Rattler Midstream,RTLR
Rave Restaurant,RAVE
Raven,RAVN
RBB Bancorp,RBB
RBC Bearings,ROLL
RCI Hospitality,RICK
RCM Technologies,RCMT
Reading Int,RDI
Reading Int B,RDIB
RealNetworks,RNWK
RealPage,RP
Reata Pharma,RETA
Recon Technology,RCON
Recro Pharm,REPH
Red River Bancshares,RRBI
Red Robin Gourmet Burgers,RRGB
Red Rock Resorts,RRR
Red Violet,RDVT
Redfin,RDFN
Redhill ADR,RDHL
Reebonz,RBZ
Reed’s,REED
Regency Centers,REG
Regeneron Pharma,REGN
Regenxbio Inc,RGNX
Regulus Therapeutics,RGLS
Rekor Systems,REKR
Reliant Bancorp,RBNC
Reliv,RELV
Relmada Therapeutics,RLMD
Remark,MARK
Renasant,RNST
Renewable Energy,REGI
Rent-A-Center,RCII
Repligen,RGEN
Replimune,REPL
Repro Med Systems,KRMD
Republic Bancorp,RBCAA
Republic First Bancorp,FRBK
Research Frontiers,REFR
Resonant Inc,RESN
Resources Connection,RGP
resTORbio Inc,TORC
Retail Opportunity,ROIC
ReTo Eco-Solutions,RETO
Retrophin I,RTRX
Revance The,RVNC
Revolution Med,RVMD
Rewalk Robotics,RWLK
Rexahn Pharma,REXN
Reynolds,REYN
RF Industries,RFIL
RGC Resources,RGCO
Rhinebeck,RBKB
Rhythm Pharma,RYTM
Ribbon Com,RBBN
Ricebran Tech,RIBT
Richardson Electronics,RELL
Rigel,RIGL
RigNet,RNET
Rimini Street,RMNI
Riot Blockchain,RIOT
RISE Education Cayman,REDU
Ritter Pharmaceuticals,RTTR
Riverview,RVSB
Riverview Financial,RIVE
RMR Group Inc,RMR
Rocket Pharma,RCKT
Rockwell Medical,RMTI
Rocky Brands,RCKY
Rocky Mountain Chocolate,RMCF
Roku,ROKU
Rosehill Resources A,ROSE
Ross Stores,ROST
Royal Gold,RGLD
RTI Surgical,RTIX
Rubicon Tech,RBCN
Rubius Therapeutics,RUBY
Ruhnn,RUHN
RumbleON,RMBL
Rurban,SBFG
Rush A,RUSHA
Rush B,RUSHB
Ruth's Hospitality,RUTH
Ryanair ADR,RYAAY
S&T Bancorp,STBA
S&W Seed,SANW
Sabra,SBRA
Sabre Corpo,SABR
SAExploration,SAEX
Safe-T,SFET
Safety Insurance,SAFT
Saga Communications,SGA
Sage Therapeutic,SAGE
Saia,SAIA
Salem Media,SALM
Salisbury,SAL
Sanderson Farms,SAFM
Sandy Spring,SASR
Sangamo Therapeutics,SGMO
Sanmina,SANM
Sanofi ADR,SNY
Sapiens,SPNS
Sarepta,SRPT
Satsuma Pharma,STSA
Savara,SVRA
SB One,SBBX
SBA Communications,SBAC
ScanSource,SCSC
Schmitt,SMIT
Schnitzer,SCHN
Scholar Rock,SRRK
Scholastic,SCHL
Schrodinger,SDGR
Schultze Special,SAMA
Scientific Games,SGMS
Sciplay,SCPL
Scpharmaceuticals,SCPH
Scynexis Inc,SCYX
SeaChange,SEAC
Seacoast Banking Florida,SBCF
Seagate,STX
Seanergy Maritime,SHIP
SeaSpine Holdings Corp,SPNE
Seattle Genetics,SGEN
Second Sight Medical Products,EYES
Secoo Holding,SECO
Secureworks,SCWX
Security National Financial,SNFCA
Seelos Therapeutics,SEEL
SEI,SEIC
Select Bancorp,SLCT
Select Interior A,SIC
Selecta Bio,SELB
Selective,SIGI
Sellas Life Sciences,SLS
SemiLEDS,LEDS
Semtech,SMTC
Seneca Biopharma Inc,SNCA
Seneca Foods A,SENEA
Seneca Foods B,SENEB
SenesTech,SNES
Senmiao Tech,AIHS
Sensus Health,SRTS
Sequential,SQBG
Seres Therapeutics Inc,MCRB
Service Properties,SVC
ServiceSource,SREV
ServisFirst Bancshares,SFBS
Sesen Bio,SESN
Severn,SVBI
SG Blocks,SGBX
SGOCO Group Ltd,SGOC
Sharps,SMED
SharpSpring,SHSP
Shenandoah,SHEN
ShiftPixy,PIXY
Shiloh,SHLO
Shineco,TYHT
Shockwave Medical,SWAV
Shoe Carnival,SCVL
Shore Bancshares,SHBI
Shotspotter,SSTI
Si-Bone,SIBN
Siebert,SIEB
Sientra Inc,SIEN
Sierra Bancorp,BSRR
Sierra Oncology,SRRA
Sierra Wireless,SWIR
Sify,SIFY
SIGA Tech,SIGA
Sigma Labs,SGLB
SigmaTron,SGMA
Signature Bank,SBNY
Silgans,SLGN
Silicom,SILC
Silicon Labs,SLAB
Silicon Motion,SIMO
Silk Road Medical,SILK
SilverSun Tech,SSNT
Silvrcst As,SAMG
Simmons First National,SFNC
Simply Good Foods,SMPL
Simulations Plus,SLP
SINA Corp,SINA
Sinclair,SBGI
Sino-Global,SINO
Sinovac Biotech,SVA
SINTX Technologies,SINT
Sirius Intl,SG
Sirius XM,SIRI
Sitime Corp,SITM
Sky Solar Holdings Adr Rep 8,SKYS
SkyWest,SKYW
Skyworks,SWKS
Sleep Number,SNBR
SLM,SLM
Smart Global,SGH
Smart Sand,SND
SmartFinancial Inc,SMBK
SmileDirectClub,SDC
Smith Micro Software,SMSI
SMTC,SMTX
So-Young,SY
Social Reality,SRAX
Socket Mobile,SCKT
Sohu.Com,SOHU
Sol Gel Tech,SLGL
SolarEdge Technologies Inc,SEDG
Soleno Therapeutics,SLNO
Solid Biosciences,SLDB
Soligenix Inc,SNGX
Soliton,SOLY
Sonim Technologies,SONM
Sonoma Pharma,SNOA
Sonos,SONO
SORL,SORL
Sorrento Therape,SRNE
Sotherly Hotels,SOHO
Sound Financial,SFBC
South Plains Financial,SPFI
South State,SSB
Southern First Bancshares,SFST
Southern Missouri,SMBC
Southern National Virginia,SONA
Southside,SBSI
SP Plus Corp,SP
SPAR Group,SGRP
Spark Energy Inc,SPKE
Spartan Motors,SPAR
SpartanNash Co,SPTN
Spectrum,SPPI
Spero Therapeutics,SPRO
Sphere 3D,ANY
SPI Energy,SPI
Spirit Texas,STXB
Splunk,SPLK
Spok Holdings,SPOK
Sportsmans,SPWH
Spring Bank Pharma,SBPH
SpringWorks,SWTX
Sprout Social,SPT
Sprouts Farmers,SFM
SPS Commerce,SPSC
SS&Cs,SSNC
SSR Mining,SSRM
STAAR Surgical,STAA
Staffing 360,STAF
Stampscom,STMP
Standard AVB,STND
Star Bulk Carriers,SBLK
Starbucks,SBUX
Stars Group,TSG
State Auto,STFC
Stealth Bio,MITO
StealthGas,GASS
Steel Connect,STCN
Steel Dynamics,STLD
Stein Mart,SMRT
Stellar Biotech,EDSA
Stemline,STML
Stericycle,SRCL
Sterling Bancorp,SBT
Sterling Construction,STRL
Steven Madden,SHOO
Stitch Fix,SFIX
Stock Yards Bancorp,SYBT
Stoke Therapeutics,STOK
StoneCo,STNE
STRATA Skin Sciences,SSKN
Stratasys Ltd,SSYS
Strategic Education,STRA
Strattec,STRT
Stratus,STRS
Streamline,STRM
Strongbridge Biopharma plc,SBBP
Summer Infant,SUMR
Summit Financial,SMMF
Summit State Bank,SSBI
Summit Therapeutics PLC,SMMT
Summit Wireless Tech,WISA
Sundance Energy ADR,SNDE
Sundial Growers,SNDL
Sunesis Pharma,SNSS
SunOpta Inc.,STKL
SunPower,SPWR
Sunrun Inc,RUN
Sunworks,SUNW
Super League Gaming,SLGG
Super Micro Computer,SMCI
Supercom Lt,SPCB
Superconductor,SCON
Superior Uniform,SGC
Supernus,SUPN
Support.com,SPRT
Surface Oncology,SURF
Surgery Partners Inc,SGRY
SurModics,SRDX
Sutro Biopharma,STRO
SVB,SIVB
SVMK,SVMK
SWK Holdings,SWKH
Sykes,SYKE
Synacor,SYNC
Synalloy,SYNL
Synaptics,SYNA
Synchronoss,SNCR
Syndax Pharmaceuticals,SNDX
Synlogic,SYBX
Synopsys,SNPS
Synthesis Energy,SES
Sypris,SYPR
Syros Pharma,SYRS
T Rowe,TROW
T-Mobile US,TMUS
T2 Biosystms Inc,TTOO
Tabula Rasa HealthCare,TRHC
Tactile Systems,TCMD
Taitron,TAIT
Taiwan Liposome ADR,TLC
Take-Two,TTWO
Talend,TLND
Tandem Diabetes Care,TNDM
Tandy Leather,TLF
Tantech Holdings Ltd,TANH
Taoping,TAOP
Tarena Intl Adr,TEDU
Target Hospitality A,TH
Taronis Tech,TRNX
Tat Techno,TATT
Taylor Devices,TAYD
Tcr2 Therapeutics,TCRR
TD Ameritrade,AMTD
TDH Holdings,PETZ
Tech Data,TECD
Technical Communications,TCCO
TechTarget,TTGT
Tecnoglass,TGLS
Tecogen Inc,TGEN
Tela Bio,TELA
TeleNav,TNAV
Teligent,TLGT
Tellurian,TELL
Tenable,TENB
Tenax Therapeutics,TENX
Tenzing Acquisition,TZAC
Teradyne,TER
TerraForm Power,TERP
Territorial,TBNK
Tesla,TSLA
TESSCO,TESS
Tetra Tech,TTEK
Tetraphase,TTPH
Texas Capital,TCBI
Texas Instruments,TXN
Texas Roadhouse,TXRH
Tff Pharma,TFFP
TFS Financial,TFSL
TG,TGTX
The Andersons,ANDE
The Bancorp,TBBK
The Carlyle,CG
The Cheesecake,CAKE
The Chefs Warehouse,CHEF
The Childrens Place,PLCE
Descartes Systems,DSGX
The Dixie,DXYN
The Ensign,ENSG
The ExOne,XONE
The First Bancshares,FBMS
The First of Long Island,FLIC
The Goodyear Tire&Rubber,GT
The Hackett,HCKT
The Hain Celestial,HAIN
The Intergroup,INTG
The Joint Corp,JYNT
The Providence Service,PRSC
The Wendy’s Co,WEN
The York Water,YORW
The9 ADR,NCTY
TherapeuticsMD,TXMD
Therapix Biosciences,TRPX
Theratechnologies,THTX
Theravance Biopharma,TBPH
TheRealReal,REAL
Thunder Bridge,RPAY
Tiberius Acquisition,IGIC
Tilray,TLRY
Timberland,TSBK
Tiptree,TIPT
Titan Machinery,TITN
Titan Medical,TMDI
Titan Pharma,TTNP
Tivity Health,TVTY
TiVo,TIVO
Tiziana Life ADR,TLSA
TMSR,TMSR
Tocagen,TOCA
Tonix Pharma,TNXP
Top Ships,TOPS
Torchlight Energ,TRCH
Torm A,TRMD
Tottenham Acquisition I,TOTA
Toughbuilt Industries,TBLT
Tower,TSEM
Town Sportss,CLUB
Towne Bank,TOWN
TPI Composites,TPIC
TRACON Pharma,TCON
Trade Desk,TTD
Tradeweb Markets,TW
Trans World,TWMC
TransAct,TACT
Transcat,TRNS
TransGlobe Energy,TGA
Translate Bio,TBIO
TransMedics,TMDX
TravelCenters of America LLC,TA
Travelzoo,TZOO
Tremont Mortgage,TRMT
Trevena Inc,TRVN
Trevi Therapeutics,TRVI
Tribune Publishing,TPCO
Tricida,TCDA
TriCo,TCBK
Trident Acquisitions,TDAC
Trillium Therapeutics,TRIL
TriMas,TRS
Trimble,TRMB
Trinity,TRIB
Trip.com ADR,TCOM
TripAdvisor,TRIP
TriState,TSC
Triumph Bancorp,TBK
Trivago,TRVG
Trovagene,TROV
Truecar Inc,TRUE
Trupanion Inc,TRUP
TrustCo Bank NY,TRST
Trustmark,TRMK
Trxade,MEDS
TSR,TSRI
TTEC,TTEC
TTM,TTMI
TuanChe ,TC
Tucows Inc.,TCX
Tuesday Morning,TUES
Tuniu Corp,TOUR
Turning Point,TPTX
Turtle Beach,HEAR
Tuscan,THCB
Twelve Seas,BROG
Twin Disc,TWIN
Twist Bioscience,TWST
Tyme Tech,TYME
U S Concrete,USCR
UFP,UFPT
Ulta Beauty,ULTA
Ultra Cleans,UCTT
Ultragenyx,RARE
Ultralife,ULBI
UMB Financial,UMBF
Umpquas,UMPQ
Unico,UNAM
Union,UNB
Uniqure NV,QURE
United Airlines Holdings,UAL
United Bancorp,UBCP
United Bancshares,UBOH
United Bankshares,UBSI
United Community Banks,UCBI
United Fire,UFCS
United Insurances,UIHC
United Security,UBFO
United States Lime&Minerals,USLM
United Therapeutics,UTHR
United-Guardian,UG
Uniti Group,UNIT
Unity,UNTY
Unity Biotech,UBX
Universal Display,OLED
Universal Electronics,UEIC
Universal Forest,UFPI
Universal Logistics,ULH
Universal Stainless&Alloy,USAP
Univest,UVSP
Unum Therapeutics,UMRX
Up Fintech,TIGR
Upland Software Inc,UPLD
Upwork,UPWK
Urban Outfitters,URBN
Urban Tea,MYT
UroGen Pharma,URGN
Urovant Sciences,UROV
US Auto Parts,PRTS
US Ecology,ECOL
US Energy,USEG
US Global,GROW
US Gold,USAU
USA Truck,USAK
Utah Medical,UTMD
UTStarcom,UTSI
Uxin,UXIN
Vaccinex,VCNX
Valley National,VLY
Value Line,VALU
Vanda,VNDA
Varex Imaging,VREX
Varonis Systems,VRNS
Vascular Biogenics,VBLT
Vaxart,VXRT
VBI Vaccines,VBIV
VectoIQ,VTIQ
Veeco,VECO
Venus Concept Inc,VERO
VEON,VEON
Vera Bradley,VRA
Veracyte Inc,VCYT
Verastem,VSTM
VERB TECH,VERB
Vericel Corp Ord,VCEL
Vericity,VERY
Verint,VRNT
VeriSign,VRSN
Verisk,VRSK
Veritex Holdings Inc,VBTX
Veritone,VERI
Vermillion,VRML
Verona Pharma ADR,VRNA
Verra Mobility,VRRM
Verrica Pharmaceuticals,VRCA
Versartis,ARAV
Vertex,VRTX
Vertex Energy,VTNR
ViacomCBS,VIAC
ViaSat,VSAT
Viavi Solutions,VIAV
Vical,BBI
Vicor,VICR
Victory Capital,VCTR
Viela Bio,VIE
Viemed Healthcare,VMD
ViewRay Inc,VRAY
Viking Therapeutics Inc,VKTX
Village Bank&Trust,VBFC
Village Farms International Inc,VFF
Village Super Market,VLGEA
Viomi Technology,VIOT
Viper Energy Ut,VNOM
Vir Biotech,VIR
Virco,VIRC
VirTra,VTSI
Virtu Financial Inc,VIRT
Virtus,VRTS
Virtusa,VRTU
Vislink Tech,VISL
VistaGen Therapeutics,VTGN
Visteon,VC
Viveve Medical,VIVE
VivoPower Intl,VVPR
Vivus,VVUS
Vodafone Group ADR,VOD
VOXX,VOXX
Voyager Therapeutics Inc,VYGR
VSE Corporation,VSEC
vTv Therapeutics Inc,VTVT
Vuzix Corp Cmn Stk,VUZI
Wah Fu Education,WAFU
Waitr,WTRH
Walgreens Boots,WBA
Wanda Sports,WSG
Washington Federal,WAFD
Washington Trust,WASH
Waterstone,WSBF
Watford,WTRE
Wave Life Sciences Ltd,WVE
Wayside,WSTG
WD-40,WDFC
Wealthbridge Acquisition,HHHH
Weibo Corp,WB
Wellesley,WEBK
Werner,WERN
WesBanco,WSBC
West Bancorporation,WTBA
Westamerica Bancorporation,WABC
Westell Tech,WSTL
Western Digital,WDC
Western New England,WNEB
Westport Fuel,WPRT
Westwater Resources,WWR
Weyco,WEYS
Wheeler REIT,WHLR
Wilhelmina,WHLM
Willamette Valley Vineyards,WVVI
Willdan,WLDN
Willis Lease,WLFC
Willis Towers Watson,WLTW
WillScot A,WSC
WiMi Hologram Cloud,WIMI
Wingstop Inc,WING
Winmark,WINA
Wins Finance Holdings,WINS
Wintrust,WTFC
WisdomTree,WETF
Wix.Com Ltd,WIX
Woodward,WWD
Workday,WDAY
Workhorse Grp,WKHS
World Acceptance,WRLD
Wrap Tech,WRTC
Wright Medical,WMGI
WSFS,WSFS
WVS Financial,WVFC
WW International,WW
Wynn Resorts,WYNN
X T L Biopharma,XTLB
XBiotech Inc,XBIT
Xcel Brands Inc,XELB
Xcel Energy,XEL
Xencor Inc,XNCR
Xenetic Biosciences,XBIO
Xenon Pharmaceuticals,XENE
Xeris Pharmaceuticals,XERS
Xilinx,XLNX
XOMA,XOMA
Xp,XP
Xpel,XPEL
Xperi,XPER
XpresSpa,XSPA
Xunlei Ltd Adr,XNET
Y mAbs Therapeutics,YMAB
Yandex,YNDX
Yatra Online,YTRA
Yield10 Bioscience,YTEN
Yintech Investment,YIN
Youngevity International,YGYI
YRC Worldwide,YRCW
Yunji,YJ
YY A,YY
Zafgen Inc,ZFGN
ZAGG,ZAGG
Zai Lab,ZLAB
Zealand Pharma ADR,ZEAL
Zebra,ZBRA
Zhongchao,ZCMD
Zillow C,Z
Zillow Group Inc,ZG
Zion Oil&Gas,ZN
Zions,ZION
ZIOPHARM,ZIOP
Zix,ZIXI
ZK International,ZKIN
Zogenix,ZGNX
Zoom Video,ZM
Zosano Pharma,ZSAN
Zovio,ZVO
Zscaler,ZS
Zumiez,ZUMZ
Zynerba Pharma,ZYNE
Zynex,ZYXI
Zynga,ZNGA
